conductor,insulation,method,cores,size_mm2,amps,source
Cu,PVC,A1,2,1.5,14.5,"IS 732:2019 Table 21, method A1"
Cu,PVC,A2,2,1.5,14,"IS 732:2019 Table 21, method A2"
Cu,PVC,B1,2,1.5,17.5,"IS 732:2019 Table 21, method B1"
Cu,PVC,B2,2,1.5,16.5,"IS 732:2019 Table 21, method B2"
Cu,PVC,C,2,1.5,19.5,"IS 732:2019 Table 21, method C"
Cu,PVC,D1,2,1.5,22,"IS 732:2019 Table 21, method D1"
Cu,PVC,D2,2,1.5,22,"IS 732:2019 Table 21, method D2"
Cu,PVC,A1,2,2.5,19.5,"IS 732:2019 Table 21, method A1"
Cu,PVC,A2,2,2.5,18.5,"IS 732:2019 Table 21, method A2"
Cu,PVC,B1,2,2.5,24,"IS 732:2019 Table 21, method B1"
Cu,PVC,B2,2,2.5,23,"IS 732:2019 Table 21, method B2"
Cu,PVC,C,2,2.5,27,"IS 732:2019 Table 21, method C"
Cu,PVC,D1,2,2.5,29,"IS 732:2019 Table 21, method D1"
Cu,PVC,D2,2,2.5,28,"IS 732:2019 Table 21, method D2"
Cu,PVC,A1,2,4,26,"IS 732:2019 Table 21, method A1"
Cu,PVC,A2,2,4,25,"IS 732:2019 Table 21, method A2"
Cu,PVC,B1,2,4,32,"IS 732:2019 Table 21, method B1"
Cu,PVC,B2,2,4,30,"IS 732:2019 Table 21, method B2"
Cu,PVC,C,2,4,36,"IS 732:2019 Table 21, method C"
Cu,PVC,D1,2,4,37,"IS 732:2019 Table 21, method D1"
Cu,PVC,D2,2,4,38,"IS 732:2019 Table 21, method D2"
Cu,PVC,A1,2,6,34,"IS 732:2019 Table 21, method A1"
Cu,PVC,A2,2,6,32,"IS 732:2019 Table 21, method A2"
Cu,PVC,B1,2,6,41,"IS 732:2019 Table 21, method B1"
Cu,PVC,B2,2,6,38,"IS 732:2019 Table 21, method B2"
Cu,PVC,C,2,6,46,"IS 732:2019 Table 21, method C"
Cu,PVC,D1,2,6,46,"IS 732:2019 Table 21, method D1"
Cu,PVC,D2,2,6,48,"IS 732:2019 Table 21, method D2"
Cu,PVC,A1,2,10,46,"IS 732:2019 Table 21, method A1"
Cu,PVC,A2,2,10,43,"IS 732:2019 Table 21, method A2"
Cu,PVC,B1,2,10,57,"IS 732:2019 Table 21, method B1"
Cu,PVC,B2,2,10,52,"IS 732:2019 Table 21, method B2"
Cu,PVC,C,2,10,63,"IS 732:2019 Table 21, method C"
Cu,PVC,D1,2,10,60,"IS 732:2019 Table 21, method D1"
Cu,PVC,D2,2,10,64,"IS 732:2019 Table 21, method D2"
Cu,PVC,A1,2,16,61,"IS 732:2019 Table 21, method A1"
Cu,PVC,A2,2,16,57,"IS 732:2019 Table 21, method A2"
Cu,PVC,B1,2,16,76,"IS 732:2019 Table 21, method B1"
Cu,PVC,B2,2,16,69,"IS 732:2019 Table 21, method B2"
Cu,PVC,C,2,16,85,"IS 732:2019 Table 21, method C"
Cu,PVC,D1,2,16,78,"IS 732:2019 Table 21, method D1"
Cu,PVC,D2,2,16,83,"IS 732:2019 Table 21, method D2"
Cu,PVC,A1,2,25,80,"IS 732:2019 Table 21, method A1"
Cu,PVC,A2,2,25,75,"IS 732:2019 Table 21, method A2"
Cu,PVC,B1,2,25,101,"IS 732:2019 Table 21, method B1"
Cu,PVC,B2,2,25,90,"IS 732:2019 Table 21, method B2"
Cu,PVC,C,2,25,112,"IS 732:2019 Table 21, method C"
Cu,PVC,D1,2,25,99,"IS 732:2019 Table 21, method D1"
Cu,PVC,D2,2,25,110,"IS 732:2019 Table 21, method D2"
Cu,PVC,A1,2,35,99,"IS 732:2019 Table 21, method A1"
Cu,PVC,A2,2,35,92,"IS 732:2019 Table 21, method A2"
Cu,PVC,B1,2,35,125,"IS 732:2019 Table 21, method B1"
Cu,PVC,B2,2,35,111,"IS 732:2019 Table 21, method B2"
Cu,PVC,C,2,35,138,"IS 732:2019 Table 21, method C"
Cu,PVC,D1,2,35,119,"IS 732:2019 Table 21, method D1"
Cu,PVC,D2,2,35,132,"IS 732:2019 Table 21, method D2"
Cu,PVC,A1,2,50,119,"IS 732:2019 Table 21, method A1"
Cu,PVC,A2,2,50,110,"IS 732:2019 Table 21, method A2"
Cu,PVC,B1,2,50,151,"IS 732:2019 Table 21, method B1"
Cu,PVC,B2,2,50,133,"IS 732:2019 Table 21, method B2"
Cu,PVC,C,2,50,168,"IS 732:2019 Table 21, method C"
Cu,PVC,D1,2,50,140,"IS 732:2019 Table 21, method D1"
Cu,PVC,D2,2,50,156,"IS 732:2019 Table 21, method D2"
Cu,PVC,A1,2,70,151,"IS 732:2019 Table 21, method A1"
Cu,PVC,A2,2,70,139,"IS 732:2019 Table 21, method A2"
Cu,PVC,B1,2,70,192,"IS 732:2019 Table 21, method B1"
Cu,PVC,B2,2,70,168,"IS 732:2019 Table 21, method B2"
Cu,PVC,C,2,70,213,"IS 732:2019 Table 21, method C"
Cu,PVC,D1,2,70,173,"IS 732:2019 Table 21, method D1"
Cu,PVC,D2,2,70,192,"IS 732:2019 Table 21, method D2"
Cu,PVC,A1,2,95,182,"IS 732:2019 Table 21, method A1"
Cu,PVC,A2,2,95,167,"IS 732:2019 Table 21, method A2"
Cu,PVC,B1,2,95,232,"IS 732:2019 Table 21, method B1"
Cu,PVC,B2,2,95,201,"IS 732:2019 Table 21, method B2"
Cu,PVC,C,2,95,258,"IS 732:2019 Table 21, method C"
Cu,PVC,D1,2,95,204,"IS 732:2019 Table 21, method D1"
Cu,PVC,D2,2,95,230,"IS 732:2019 Table 21, method D2"
Cu,PVC,A1,2,120,210,"IS 732:2019 Table 21, method A1"
Cu,PVC,A2,2,120,192,"IS 732:2019 Table 21, method A2"
Cu,PVC,B1,2,120,269,"IS 732:2019 Table 21, method B1"
Cu,PVC,B2,2,120,232,"IS 732:2019 Table 21, method B2"
Cu,PVC,C,2,120,299,"IS 732:2019 Table 21, method C"
Cu,PVC,D1,2,120,231,"IS 732:2019 Table 21, method D1"
Cu,PVC,D2,2,120,261,"IS 732:2019 Table 21, method D2"
Cu,PVC,A1,2,150,240,"IS 732:2019 Table 21, method A1"
Cu,PVC,A2,2,150,219,"IS 732:2019 Table 21, method A2"
Cu,PVC,B1,2,150,300,"IS 732:2019 Table 21, method B1"
Cu,PVC,B2,2,150,258,"IS 732:2019 Table 21, method B2"
Cu,PVC,C,2,150,344,"IS 732:2019 Table 21, method C"
Cu,PVC,D1,2,150,261,"IS 732:2019 Table 21, method D1"
Cu,PVC,D2,2,150,293,"IS 732:2019 Table 21, method D2"
Cu,PVC,A1,2,185,273,"IS 732:2019 Table 21, method A1"
Cu,PVC,A2,2,185,248,"IS 732:2019 Table 21, method A2"
Cu,PVC,B1,2,185,341,"IS 732:2019 Table 21, method B1"
Cu,PVC,B2,2,185,294,"IS 732:2019 Table 21, method B2"
Cu,PVC,C,2,185,392,"IS 732:2019 Table 21, method C"
Cu,PVC,D1,2,185,292,"IS 732:2019 Table 21, method D1"
Cu,PVC,D2,2,185,331,"IS 732:2019 Table 21, method D2"
Cu,PVC,A1,2,240,321,"IS 732:2019 Table 21, method A1"
Cu,PVC,A2,2,240,291,"IS 732:2019 Table 21, method A2"
Cu,PVC,B1,2,240,400,"IS 732:2019 Table 21, method B1"
Cu,PVC,B2,2,240,344,"IS 732:2019 Table 21, method B2"
Cu,PVC,C,2,240,461,"IS 732:2019 Table 21, method C"
Cu,PVC,D1,2,240,336,"IS 732:2019 Table 21, method D1"
Cu,PVC,D2,2,240,382,"IS 732:2019 Table 21, method D2"
Cu,PVC,A1,2,300,367,"IS 732:2019 Table 21, method A1"
Cu,PVC,A2,2,300,334,"IS 732:2019 Table 21, method A2"
Cu,PVC,B1,2,300,458,"IS 732:2019 Table 21, method B1"
Cu,PVC,B2,2,300,394,"IS 732:2019 Table 21, method B2"
Cu,PVC,C,2,300,530,"IS 732:2019 Table 21, method C"
Cu,PVC,D1,2,300,379,"IS 732:2019 Table 21, method D1"
Cu,PVC,D2,2,300,427,"IS 732:2019 Table 21, method D2"
Al,PVC,A1,2,2.5,15,"IS 732:2019 Table 21, method A1"
Al,PVC,A2,2,2.5,14.5,"IS 732:2019 Table 21, method A2"
Al,PVC,B1,2,2.5,18.5,"IS 732:2019 Table 21, method B1"
Al,PVC,B2,2,2.5,17.5,"IS 732:2019 Table 21, method B2"
Al,PVC,C,2,2.5,21,"IS 732:2019 Table 21, method C"
Al,PVC,D1,2,2.5,22,"IS 732:2019 Table 21, method D1"
Al,PVC,A1,2,4,20,"IS 732:2019 Table 21, method A1"
Al,PVC,A2,2,4,19.5,"IS 732:2019 Table 21, method A2"
Al,PVC,B1,2,4,25,"IS 732:2019 Table 21, method B1"
Al,PVC,B2,2,4,24,"IS 732:2019 Table 21, method B2"
Al,PVC,C,2,4,28,"IS 732:2019 Table 21, method C"
Al,PVC,D1,2,4,29,"IS 732:2019 Table 21, method D1"
Al,PVC,A1,2,6,26,"IS 732:2019 Table 21, method A1"
Al,PVC,A2,2,6,25,"IS 732:2019 Table 21, method A2"
Al,PVC,B1,2,6,32,"IS 732:2019 Table 21, method B1"
Al,PVC,B2,2,6,30,"IS 732:2019 Table 21, method B2"
Al,PVC,C,2,6,36,"IS 732:2019 Table 21, method C"
Al,PVC,D1,2,6,36,"IS 732:2019 Table 21, method D1"
Al,PVC,A1,2,10,36,"IS 732:2019 Table 21, method A1"
Al,PVC,A2,2,10,33,"IS 732:2019 Table 21, method A2"
Al,PVC,B1,2,10,44,"IS 732:2019 Table 21, method B1"
Al,PVC,B2,2,10,41,"IS 732:2019 Table 21, method B2"
Al,PVC,C,2,10,49,"IS 732:2019 Table 21, method C"
Al,PVC,D1,2,10,47,"IS 732:2019 Table 21, method D1"
Al,PVC,A1,2,16,48,"IS 732:2019 Table 21, method A1"
Al,PVC,A2,2,16,44,"IS 732:2019 Table 21, method A2"
Al,PVC,B1,2,16,60,"IS 732:2019 Table 21, method B1"
Al,PVC,B2,2,16,54,"IS 732:2019 Table 21, method B2"
Al,PVC,C,2,16,66,"IS 732:2019 Table 21, method C"
Al,PVC,D1,2,16,61,"IS 732:2019 Table 21, method D1"
Al,PVC,D2,2,16,63,"IS 732:2019 Table 21, method D2"
Al,PVC,A1,2,25,63,"IS 732:2019 Table 21, method A1"
Al,PVC,A2,2,25,58,"IS 732:2019 Table 21, method A2"
Al,PVC,B1,2,25,79,"IS 732:2019 Table 21, method B1"
Al,PVC,B2,2,25,71,"IS 732:2019 Table 21, method B2"
Al,PVC,C,2,25,83,"IS 732:2019 Table 21, method C"
Al,PVC,D1,2,25,77,"IS 732:2019 Table 21, method D1"
Al,PVC,D2,2,25,82,"IS 732:2019 Table 21, method D2"
Al,PVC,A1,2,35,77,"IS 732:2019 Table 21, method A1"
Al,PVC,A2,2,35,71,"IS 732:2019 Table 21, method A2"
Al,PVC,B1,2,35,97,"IS 732:2019 Table 21, method B1"
Al,PVC,B2,2,35,86,"IS 732:2019 Table 21, method B2"
Al,PVC,C,2,35,103,"IS 732:2019 Table 21, method C"
Al,PVC,D1,2,35,93,"IS 732:2019 Table 21, method D1"
Al,PVC,D2,2,35,98,"IS 732:2019 Table 21, method D2"
Al,PVC,A1,2,50,93,"IS 732:2019 Table 21, method A1"
Al,PVC,A2,2,50,86,"IS 732:2019 Table 21, method A2"
Al,PVC,B1,2,50,118,"IS 732:2019 Table 21, method B1"
Al,PVC,B2,2,50,104,"IS 732:2019 Table 21, method B2"
Al,PVC,C,2,50,125,"IS 732:2019 Table 21, method C"
Al,PVC,D1,2,50,109,"IS 732:2019 Table 21, method D1"
Al,PVC,D2,2,50,117,"IS 732:2019 Table 21, method D2"
Al,PVC,A1,2,70,118,"IS 732:2019 Table 21, method A1"
Al,PVC,A2,2,70,108,"IS 732:2019 Table 21, method A2"
Al,PVC,B1,2,70,150,"IS 732:2019 Table 21, method B1"
Al,PVC,B2,2,70,131,"IS 732:2019 Table 21, method B2"
Al,PVC,C,2,70,160,"IS 732:2019 Table 21, method C"
Al,PVC,D1,2,70,135,"IS 732:2019 Table 21, method D1"
Al,PVC,D2,2,70,145,"IS 732:2019 Table 21, method D2"
Al,PVC,A1,2,95,142,"IS 732:2019 Table 21, method A1"
Al,PVC,A2,2,95,130,"IS 732:2019 Table 21, method A2"
Al,PVC,B1,2,95,181,"IS 732:2019 Table 21, method B1"
Al,PVC,B2,2,95,157,"IS 732:2019 Table 21, method B2"
Al,PVC,C,2,95,195,"IS 732:2019 Table 21, method C"
Al,PVC,D1,2,95,159,"IS 732:2019 Table 21, method D1"
Al,PVC,D2,2,95,173,"IS 732:2019 Table 21, method D2"
Al,PVC,A1,2,120,164,"IS 732:2019 Table 21, method A1"
Al,PVC,A2,2,120,150,"IS 732:2019 Table 21, method A2"
Al,PVC,B1,2,120,210,"IS 732:2019 Table 21, method B1"
Al,PVC,B2,2,120,181,"IS 732:2019 Table 21, method B2"
Al,PVC,C,2,120,226,"IS 732:2019 Table 21, method C"
Al,PVC,D1,2,120,180,"IS 732:2019 Table 21, method D1"
Al,PVC,D2,2,120,200,"IS 732:2019 Table 21, method D2"
Al,PVC,A1,2,150,189,"IS 732:2019 Table 21, method A1"
Al,PVC,A2,2,150,172,"IS 732:2019 Table 21, method A2"
Al,PVC,B1,2,150,234,"IS 732:2019 Table 21, method B1"
Al,PVC,B2,2,150,201,"IS 732:2019 Table 21, method B2"
Al,PVC,C,2,150,261,"IS 732:2019 Table 21, method C"
Al,PVC,D1,2,150,204,"IS 732:2019 Table 21, method D1"
Al,PVC,D2,2,150,224,"IS 732:2019 Table 21, method D2"
Al,PVC,A1,2,185,215,"IS 732:2019 Table 21, method A1"
Al,PVC,A2,2,185,195,"IS 732:2019 Table 21, method A2"
Al,PVC,B1,2,185,266,"IS 732:2019 Table 21, method B1"
Al,PVC,B2,2,185,230,"IS 732:2019 Table 21, method B2"
Al,PVC,C,2,185,298,"IS 732:2019 Table 21, method C"
Al,PVC,D1,2,185,228,"IS 732:2019 Table 21, method D1"
Al,PVC,D2,2,185,255,"IS 732:2019 Table 21, method D2"
Al,PVC,A1,2,240,252,"IS 732:2019 Table 21, method A1"
Al,PVC,A2,2,240,229,"IS 732:2019 Table 21, method A2"
Al,PVC,B1,2,240,312,"IS 732:2019 Table 21, method B1"
Al,PVC,B2,2,240,269,"IS 732:2019 Table 21, method B2"
Al,PVC,C,2,240,352,"IS 732:2019 Table 21, method C"
Al,PVC,D1,2,240,262,"IS 732:2019 Table 21, method D1"
Al,PVC,D2,2,240,298,"IS 732:2019 Table 21, method D2"
Al,PVC,A1,2,300,289,"IS 732:2019 Table 21, method A1"
Al,PVC,A2,2,300,263,"IS 732:2019 Table 21, method A2"
Al,PVC,B1,2,300,358,"IS 732:2019 Table 21, method B1"
Al,PVC,B2,2,300,308,"IS 732:2019 Table 21, method B2"
Al,PVC,C,2,300,406,"IS 732:2019 Table 21, method C"
Al,PVC,D1,2,300,296,"IS 732:2019 Table 21, method D1"
Al,PVC,D2,2,300,336,"IS 732:2019 Table 21, method D2"
Cu,XLPE,A1,2,1.5,19,"IS 732:2019 Table 22, method A1"
Cu,XLPE,A2,2,1.5,18.5,"IS 732:2019 Table 22, method A2"
Cu,XLPE,B1,2,1.5,23,"IS 732:2019 Table 22, method B1"
Cu,XLPE,B2,2,1.5,22,"IS 732:2019 Table 22, method B2"
Cu,XLPE,C,2,1.5,24,"IS 732:2019 Table 22, method C"
Cu,XLPE,D1,2,1.5,25,"IS 732:2019 Table 22, method D1"
Cu,XLPE,D2,2,1.5,27,"IS 732:2019 Table 22, method D2"
Cu,XLPE,A1,2,2.5,26,"IS 732:2019 Table 22, method A1"
Cu,XLPE,A2,2,2.5,25,"IS 732:2019 Table 22, method A2"
Cu,XLPE,B1,2,2.5,31,"IS 732:2019 Table 22, method B1"
Cu,XLPE,B2,2,2.5,30,"IS 732:2019 Table 22, method B2"
Cu,XLPE,C,2,2.5,33,"IS 732:2019 Table 22, method C"
Cu,XLPE,D1,2,2.5,33,"IS 732:2019 Table 22, method D1"
Cu,XLPE,D2,2,2.5,35,"IS 732:2019 Table 22, method D2"
Cu,XLPE,A1,2,4,35,"IS 732:2019 Table 22, method A1"
Cu,XLPE,A2,2,4,33,"IS 732:2019 Table 22, method A2"
Cu,XLPE,B1,2,4,42,"IS 732:2019 Table 22, method B1"
Cu,XLPE,B2,2,4,40,"IS 732:2019 Table 22, method B2"
Cu,XLPE,C,2,4,45,"IS 732:2019 Table 22, method C"
Cu,XLPE,D1,2,4,43,"IS 732:2019 Table 22, method D1"
Cu,XLPE,D2,2,4,46,"IS 732:2019 Table 22, method D2"
Cu,XLPE,A1,2,6,45,"IS 732:2019 Table 22, method A1"
Cu,XLPE,A2,2,6,42,"IS 732:2019 Table 22, method A2"
Cu,XLPE,B1,2,6,54,"IS 732:2019 Table 22, method B1"
Cu,XLPE,B2,2,6,51,"IS 732:2019 Table 22, method B2"
Cu,XLPE,C,2,6,58,"IS 732:2019 Table 22, method C"
Cu,XLPE,D1,2,6,53,"IS 732:2019 Table 22, method D1"
Cu,XLPE,D2,2,6,58,"IS 732:2019 Table 22, method D2"
Cu,XLPE,A1,2,10,61,"IS 732:2019 Table 22, method A1"
Cu,XLPE,A2,2,10,57,"IS 732:2019 Table 22, method A2"
Cu,XLPE,B1,2,10,75,"IS 732:2019 Table 22, method B1"
Cu,XLPE,B2,2,10,69,"IS 732:2019 Table 22, method B2"
Cu,XLPE,C,2,10,80,"IS 732:2019 Table 22, method C"
Cu,XLPE,D1,2,10,71,"IS 732:2019 Table 22, method D1"
Cu,XLPE,D2,2,10,77,"IS 732:2019 Table 22, method D2"
Cu,XLPE,A1,2,16,81,"IS 732:2019 Table 22, method A1"
Cu,XLPE,A2,2,16,76,"IS 732:2019 Table 22, method A2"
Cu,XLPE,B1,2,16,100,"IS 732:2019 Table 22, method B1"
Cu,XLPE,B2,2,16,91,"IS 732:2019 Table 22, method B2"
Cu,XLPE,C,2,16,107,"IS 732:2019 Table 22, method C"
Cu,XLPE,D1,2,16,91,"IS 732:2019 Table 22, method D1"
Cu,XLPE,D2,2,16,100,"IS 732:2019 Table 22, method D2"
Cu,XLPE,A1,2,25,106,"IS 732:2019 Table 22, method A1"
Cu,XLPE,A2,2,25,99,"IS 732:2019 Table 22, method A2"
Cu,XLPE,B1,2,25,133,"IS 732:2019 Table 22, method B1"
Cu,XLPE,B2,2,25,119,"IS 732:2019 Table 22, method B2"
Cu,XLPE,C,2,25,138,"IS 732:2019 Table 22, method C"
Cu,XLPE,D1,2,25,116,"IS 732:2019 Table 22, method D1"
Cu,XLPE,D2,2,25,129,"IS 732:2019 Table 22, method D2"
Cu,XLPE,A1,2,35,131,"IS 732:2019 Table 22, method A1"
Cu,XLPE,A2,2,35,121,"IS 732:2019 Table 22, method A2"
Cu,XLPE,B1,2,35,164,"IS 732:2019 Table 22, method B1"
Cu,XLPE,B2,2,35,146,"IS 732:2019 Table 22, method B2"
Cu,XLPE,C,2,35,171,"IS 732:2019 Table 22, method C"
Cu,XLPE,D1,2,35,139,"IS 732:2019 Table 22, method D1"
Cu,XLPE,D2,2,35,155,"IS 732:2019 Table 22, method D2"
Cu,XLPE,A1,2,50,158,"IS 732:2019 Table 22, method A1"
Cu,XLPE,A2,2,50,145,"IS 732:2019 Table 22, method A2"
Cu,XLPE,B1,2,50,198,"IS 732:2019 Table 22, method B1"
Cu,XLPE,B2,2,50,175,"IS 732:2019 Table 22, method B2"
Cu,XLPE,C,2,50,209,"IS 732:2019 Table 22, method C"
Cu,XLPE,D1,2,50,164,"IS 732:2019 Table 22, method D1"
Cu,XLPE,D2,2,50,183,"IS 732:2019 Table 22, method D2"
Cu,XLPE,A1,2,70,200,"IS 732:2019 Table 22, method A1"
Cu,XLPE,A2,2,70,183,"IS 732:2019 Table 22, method A2"
Cu,XLPE,B1,2,70,253,"IS 732:2019 Table 22, method B1"
Cu,XLPE,B2,2,70,221,"IS 732:2019 Table 22, method B2"
Cu,XLPE,C,2,70,269,"IS 732:2019 Table 22, method C"
Cu,XLPE,D1,2,70,203,"IS 732:2019 Table 22, method D1"
Cu,XLPE,D2,2,70,225,"IS 732:2019 Table 22, method D2"
Cu,XLPE,A1,2,95,241,"IS 732:2019 Table 22, method A1"
Cu,XLPE,A2,2,95,220,"IS 732:2019 Table 22, method A2"
Cu,XLPE,B1,2,95,306,"IS 732:2019 Table 22, method B1"
Cu,XLPE,B2,2,95,265,"IS 732:2019 Table 22, method B2"
Cu,XLPE,C,2,95,328,"IS 732:2019 Table 22, method C"
Cu,XLPE,D1,2,95,239,"IS 732:2019 Table 22, method D1"
Cu,XLPE,D2,2,95,270,"IS 732:2019 Table 22, method D2"
Cu,XLPE,A1,2,120,278,"IS 732:2019 Table 22, method A1"
Cu,XLPE,A2,2,120,253,"IS 732:2019 Table 22, method A2"
Cu,XLPE,B1,2,120,354,"IS 732:2019 Table 22, method B1"
Cu,XLPE,B2,2,120,305,"IS 732:2019 Table 22, method B2"
Cu,XLPE,C,2,120,382,"IS 732:2019 Table 22, method C"
Cu,XLPE,D1,2,120,271,"IS 732:2019 Table 22, method D1"
Cu,XLPE,D2,2,120,306,"IS 732:2019 Table 22, method D2"
Cu,XLPE,A1,2,150,318,"IS 732:2019 Table 22, method A1"
Cu,XLPE,A2,2,150,290,"IS 732:2019 Table 22, method A2"
Cu,XLPE,B1,2,150,393,"IS 732:2019 Table 22, method B1"
Cu,XLPE,B2,2,150,334,"IS 732:2019 Table 22, method B2"
Cu,XLPE,C,2,150,441,"IS 732:2019 Table 22, method C"
Cu,XLPE,D1,2,150,306,"IS 732:2019 Table 22, method D1"
Cu,XLPE,D2,2,150,343,"IS 732:2019 Table 22, method D2"
Cu,XLPE,A1,2,185,362,"IS 732:2019 Table 22, method A1"
Cu,XLPE,A2,2,185,329,"IS 732:2019 Table 22, method A2"
Cu,XLPE,B1,2,185,449,"IS 732:2019 Table 22, method B1"
Cu,XLPE,B2,2,185,384,"IS 732:2019 Table 22, method B2"
Cu,XLPE,C,2,185,506,"IS 732:2019 Table 22, method C"
Cu,XLPE,D1,2,185,343,"IS 732:2019 Table 22, method D1"
Cu,XLPE,D2,2,185,387,"IS 732:2019 Table 22, method D2"
Cu,XLPE,A1,2,240,424,"IS 732:2019 Table 22, method A1"
Cu,XLPE,A2,2,240,386,"IS 732:2019 Table 22, method A2"
Cu,XLPE,B1,2,240,528,"IS 732:2019 Table 22, method B1"
Cu,XLPE,B2,2,240,459,"IS 732:2019 Table 22, method B2"
Cu,XLPE,C,2,240,599,"IS 732:2019 Table 22, method C"
Cu,XLPE,D1,2,240,395,"IS 732:2019 Table 22, method D1"
Cu,XLPE,D2,2,240,448,"IS 732:2019 Table 22, method D2"
Cu,XLPE,A1,2,300,486,"IS 732:2019 Table 22, method A1"
Cu,XLPE,A2,2,300,442,"IS 732:2019 Table 22, method A2"
Cu,XLPE,B1,2,300,603,"IS 732:2019 Table 22, method B1"
Cu,XLPE,B2,2,300,532,"IS 732:2019 Table 22, method B2"
Cu,XLPE,C,2,300,693,"IS 732:2019 Table 22, method C"
Cu,XLPE,D1,2,300,446,"IS 732:2019 Table 22, method D1"
Cu,XLPE,D2,2,300,502,"IS 732:2019 Table 22, method D2"
Al,XLPE,A1,2,2.5,20,"IS 732:2019 Table 22, method A1"
Al,XLPE,A2,2,2.5,19.5,"IS 732:2019 Table 22, method A2"
Al,XLPE,B1,2,2.5,25,"IS 732:2019 Table 22, method B1"
Al,XLPE,B2,2,2.5,23,"IS 732:2019 Table 22, method B2"
Al,XLPE,C,2,2.5,26,"IS 732:2019 Table 22, method C"
Al,XLPE,D1,2,2.5,26,"IS 732:2019 Table 22, method D1"
Al,XLPE,A1,2,4,27,"IS 732:2019 Table 22, method A1"
Al,XLPE,A2,2,4,26,"IS 732:2019 Table 22, method A2"
Al,XLPE,B1,2,4,33,"IS 732:2019 Table 22, method B1"
Al,XLPE,B2,2,4,31,"IS 732:2019 Table 22, method B2"
Al,XLPE,C,2,4,35,"IS 732:2019 Table 22, method C"
Al,XLPE,D1,2,4,33,"IS 732:2019 Table 22, method D1"
Al,XLPE,A1,2,6,35,"IS 732:2019 Table 22, method A1"
Al,XLPE,A2,2,6,33,"IS 732:2019 Table 22, method A2"
Al,XLPE,B1,2,6,43,"IS 732:2019 Table 22, method B1"
Al,XLPE,B2,2,6,40,"IS 732:2019 Table 22, method B2"
Al,XLPE,C,2,6,45,"IS 732:2019 Table 22, method C"
Al,XLPE,D1,2,6,42,"IS 732:2019 Table 22, method D1"
Al,XLPE,A1,2,10,48,"IS 732:2019 Table 22, method A1"
Al,XLPE,A2,2,10,45,"IS 732:2019 Table 22, method A2"
Al,XLPE,B1,2,10,59,"IS 732:2019 Table 22, method B1"
Al,XLPE,B2,2,10,54,"IS 732:2019 Table 22, method B2"
Al,XLPE,C,2,10,62,"IS 732:2019 Table 22, method C"
Al,XLPE,D1,2,10,55,"IS 732:2019 Table 22, method D1"
Al,XLPE,A1,2,16,64,"IS 732:2019 Table 22, method A1"
Al,XLPE,A2,2,16,60,"IS 732:2019 Table 22, method A2"
Al,XLPE,B1,2,16,79,"IS 732:2019 Table 22, method B1"
Al,XLPE,B2,2,16,72,"IS 732:2019 Table 22, method B2"
Al,XLPE,C,2,16,84,"IS 732:2019 Table 22, method C"
Al,XLPE,D1,2,16,71,"IS 732:2019 Table 22, method D1"
Al,XLPE,D2,2,16,76,"IS 732:2019 Table 22, method D2"
Al,XLPE,A1,2,25,84,"IS 732:2019 Table 22, method A1"
Al,XLPE,A2,2,25,78,"IS 732:2019 Table 22, method A2"
Al,XLPE,B1,2,25,105,"IS 732:2019 Table 22, method B1"
Al,XLPE,B2,2,25,94,"IS 732:2019 Table 22, method B2"
Al,XLPE,C,2,25,101,"IS 732:2019 Table 22, method C"
Al,XLPE,D1,2,25,90,"IS 732:2019 Table 22, method D1"
Al,XLPE,D2,2,25,98,"IS 732:2019 Table 22, method D2"
Al,XLPE,A1,2,35,103,"IS 732:2019 Table 22, method A1"
Al,XLPE,A2,2,35,96,"IS 732:2019 Table 22, method A2"
Al,XLPE,B1,2,35,130,"IS 732:2019 Table 22, method B1"
Al,XLPE,B2,2,35,115,"IS 732:2019 Table 22, method B2"
Al,XLPE,C,2,35,126,"IS 732:2019 Table 22, method C"
Al,XLPE,D1,2,35,108,"IS 732:2019 Table 22, method D1"
Al,XLPE,D2,2,35,117,"IS 732:2019 Table 22, method D2"
Al,XLPE,A1,2,50,125,"IS 732:2019 Table 22, method A1"
Al,XLPE,A2,2,50,115,"IS 732:2019 Table 22, method A2"
Al,XLPE,B1,2,50,157,"IS 732:2019 Table 22, method B1"
Al,XLPE,B2,2,50,138,"IS 732:2019 Table 22, method B2"
Al,XLPE,C,2,50,154,"IS 732:2019 Table 22, method C"
Al,XLPE,D1,2,50,128,"IS 732:2019 Table 22, method D1"
Al,XLPE,D2,2,50,139,"IS 732:2019 Table 22, method D2"
Al,XLPE,A1,2,70,158,"IS 732:2019 Table 22, method A1"
Al,XLPE,A2,2,70,145,"IS 732:2019 Table 22, method A2"
Al,XLPE,B1,2,70,200,"IS 732:2019 Table 22, method B1"
Al,XLPE,B2,2,70,175,"IS 732:2019 Table 22, method B2"
Al,XLPE,C,2,70,198,"IS 732:2019 Table 22, method C"
Al,XLPE,D1,2,70,158,"IS 732:2019 Table 22, method D1"
Al,XLPE,D2,2,70,170,"IS 732:2019 Table 22, method D2"
Al,XLPE,A1,2,95,191,"IS 732:2019 Table 22, method A1"
Al,XLPE,A2,2,95,175,"IS 732:2019 Table 22, method A2"
Al,XLPE,B1,2,95,242,"IS 732:2019 Table 22, method B1"
Al,XLPE,B2,2,95,210,"IS 732:2019 Table 22, method B2"
Al,XLPE,C,2,95,241,"IS 732:2019 Table 22, method C"
Al,XLPE,D1,2,95,186,"IS 732:2019 Table 22, method D1"
Al,XLPE,D2,2,95,204,"IS 732:2019 Table 22, method D2"
Al,XLPE,A1,2,120,220,"IS 732:2019 Table 22, method A1"
Al,XLPE,A2,2,120,201,"IS 732:2019 Table 22, method A2"
Al,XLPE,B1,2,120,281,"IS 732:2019 Table 22, method B1"
Al,XLPE,B2,2,120,242,"IS 732:2019 Table 22, method B2"
Al,XLPE,C,2,120,280,"IS 732:2019 Table 22, method C"
Al,XLPE,D1,2,120,211,"IS 732:2019 Table 22, method D1"
Al,XLPE,D2,2,120,233,"IS 732:2019 Table 22, method D2"
Al,XLPE,A1,2,150,253,"IS 732:2019 Table 22, method A1"
Al,XLPE,A2,2,150,230,"IS 732:2019 Table 22, method A2"
Al,XLPE,B1,2,150,307,"IS 732:2019 Table 22, method B1"
Al,XLPE,B2,2,150,261,"IS 732:2019 Table 22, method B2"
Al,XLPE,C,2,150,324,"IS 732:2019 Table 22, method C"
Al,XLPE,D1,2,150,238,"IS 732:2019 Table 22, method D1"
Al,XLPE,D2,2,150,261,"IS 732:2019 Table 22, method D2"
Al,XLPE,A1,2,185,288,"IS 732:2019 Table 22, method A1"
Al,XLPE,A2,2,185,262,"IS 732:2019 Table 22, method A2"
Al,XLPE,B1,2,185,351,"IS 732:2019 Table 22, method B1"
Al,XLPE,B2,2,185,300,"IS 732:2019 Table 22, method B2"
Al,XLPE,C,2,185,371,"IS 732:2019 Table 22, method C"
Al,XLPE,D1,2,185,267,"IS 732:2019 Table 22, method D1"
Al,XLPE,D2,2,185,296,"IS 732:2019 Table 22, method D2"
Al,XLPE,A1,2,240,338,"IS 732:2019 Table 22, method A1"
Al,XLPE,A2,2,240,307,"IS 732:2019 Table 22, method A2"
Al,XLPE,B1,2,240,412,"IS 732:2019 Table 22, method B1"
Al,XLPE,B2,2,240,358,"IS 732:2019 Table 22, method B2"
Al,XLPE,C,2,240,439,"IS 732:2019 Table 22, method C"
Al,XLPE,D1,2,240,307,"IS 732:2019 Table 22, method D1"
Al,XLPE,D2,2,240,343,"IS 732:2019 Table 22, method D2"
Al,XLPE,A1,2,300,387,"IS 732:2019 Table 22, method A1"
Al,XLPE,A2,2,300,352,"IS 732:2019 Table 22, method A2"
Al,XLPE,B1,2,300,471,"IS 732:2019 Table 22, method B1"
Al,XLPE,B2,2,300,415,"IS 732:2019 Table 22, method B2"
Al,XLPE,C,2,300,508,"IS 732:2019 Table 22, method C"
Al,XLPE,D1,2,300,346,"IS 732:2019 Table 22, method D1"
Al,XLPE,D2,2,300,386,"IS 732:2019 Table 22, method D2"
Cu,PVC,A1,3,1.5,13.5,"IS 732:2019 Table 23, method A1"
Cu,PVC,A2,3,1.5,13,"IS 732:2019 Table 23, method A2"
Cu,PVC,B1,3,1.5,15.5,"IS 732:2019 Table 23, method B1"
Cu,PVC,B2,3,1.5,15,"IS 732:2019 Table 23, method B2"
Cu,PVC,C,3,1.5,17.5,"IS 732:2019 Table 23, method C"
Cu,PVC,D1,3,1.5,18,"IS 732:2019 Table 23, method D1"
Cu,PVC,D2,3,1.5,19,"IS 732:2019 Table 23, method D2"
Cu,PVC,A1,3,2.5,18,"IS 732:2019 Table 23, method A1"
Cu,PVC,A2,3,2.5,17.5,"IS 732:2019 Table 23, method A2"
Cu,PVC,B1,3,2.5,21,"IS 732:2019 Table 23, method B1"
Cu,PVC,B2,3,2.5,20,"IS 732:2019 Table 23, method B2"
Cu,PVC,C,3,2.5,24,"IS 732:2019 Table 23, method C"
Cu,PVC,D1,3,2.5,24,"IS 732:2019 Table 23, method D1"
Cu,PVC,D2,3,2.5,24,"IS 732:2019 Table 23, method D2"
Cu,PVC,A1,3,4,24,"IS 732:2019 Table 23, method A1"
Cu,PVC,A2,3,4,23,"IS 732:2019 Table 23, method A2"
Cu,PVC,B1,3,4,28,"IS 732:2019 Table 23, method B1"
Cu,PVC,B2,3,4,27,"IS 732:2019 Table 23, method B2"
Cu,PVC,C,3,4,32,"IS 732:2019 Table 23, method C"
Cu,PVC,D1,3,4,30,"IS 732:2019 Table 23, method D1"
Cu,PVC,D2,3,4,33,"IS 732:2019 Table 23, method D2"
Cu,PVC,A1,3,6,31,"IS 732:2019 Table 23, method A1"
Cu,PVC,A2,3,6,29,"IS 732:2019 Table 23, method A2"
Cu,PVC,B1,3,6,36,"IS 732:2019 Table 23, method B1"
Cu,PVC,B2,3,6,34,"IS 732:2019 Table 23, method B2"
Cu,PVC,C,3,6,41,"IS 732:2019 Table 23, method C"
Cu,PVC,D1,3,6,38,"IS 732:2019 Table 23, method D1"
Cu,PVC,D2,3,6,41,"IS 732:2019 Table 23, method D2"
Cu,PVC,A1,3,10,42,"IS 732:2019 Table 23, method A1"
Cu,PVC,A2,3,10,39,"IS 732:2019 Table 23, method A2"
Cu,PVC,B1,3,10,50,"IS 732:2019 Table 23, method B1"
Cu,PVC,B2,3,10,46,"IS 732:2019 Table 23, method B2"
Cu,PVC,C,3,10,57,"IS 732:2019 Table 23, method C"
Cu,PVC,D1,3,10,50,"IS 732:2019 Table 23, method D1"
Cu,PVC,D2,3,10,54,"IS 732:2019 Table 23, method D2"
Cu,PVC,A1,3,16,56,"IS 732:2019 Table 23, method A1"
Cu,PVC,A2,3,16,52,"IS 732:2019 Table 23, method A2"
Cu,PVC,B1,3,16,68,"IS 732:2019 Table 23, method B1"
Cu,PVC,B2,3,16,62,"IS 732:2019 Table 23, method B2"
Cu,PVC,C,3,16,76,"IS 732:2019 Table 23, method C"
Cu,PVC,D1,3,16,64,"IS 732:2019 Table 23, method D1"
Cu,PVC,D2,3,16,70,"IS 732:2019 Table 23, method D2"
Cu,PVC,A1,3,25,73,"IS 732:2019 Table 23, method A1"
Cu,PVC,A2,3,25,68,"IS 732:2019 Table 23, method A2"
Cu,PVC,B1,3,25,89,"IS 732:2019 Table 23, method B1"
Cu,PVC,B2,3,25,80,"IS 732:2019 Table 23, method B2"
Cu,PVC,C,3,25,96,"IS 732:2019 Table 23, method C"
Cu,PVC,D1,3,25,82,"IS 732:2019 Table 23, method D1"
Cu,PVC,D2,3,25,92,"IS 732:2019 Table 23, method D2"
Cu,PVC,A1,3,35,89,"IS 732:2019 Table 23, method A1"
Cu,PVC,A2,3,35,83,"IS 732:2019 Table 23, method A2"
Cu,PVC,B1,3,35,110,"IS 732:2019 Table 23, method B1"
Cu,PVC,B2,3,35,99,"IS 732:2019 Table 23, method B2"
Cu,PVC,C,3,35,119,"IS 732:2019 Table 23, method C"
Cu,PVC,D1,3,35,98,"IS 732:2019 Table 23, method D1"
Cu,PVC,D2,3,35,110,"IS 732:2019 Table 23, method D2"
Cu,PVC,A1,3,50,108,"IS 732:2019 Table 23, method A1"
Cu,PVC,A2,3,50,99,"IS 732:2019 Table 23, method A2"
Cu,PVC,B1,3,50,134,"IS 732:2019 Table 23, method B1"
Cu,PVC,B2,3,50,118,"IS 732:2019 Table 23, method B2"
Cu,PVC,C,3,50,144,"IS 732:2019 Table 23, method C"
Cu,PVC,D1,3,50,116,"IS 732:2019 Table 23, method D1"
Cu,PVC,D2,3,50,130,"IS 732:2019 Table 23, method D2"
Cu,PVC,A1,3,70,136,"IS 732:2019 Table 23, method A1"
Cu,PVC,A2,3,70,125,"IS 732:2019 Table 23, method A2"
Cu,PVC,B1,3,70,171,"IS 732:2019 Table 23, method B1"
Cu,PVC,B2,3,70,149,"IS 732:2019 Table 23, method B2"
Cu,PVC,C,3,70,184,"IS 732:2019 Table 23, method C"
Cu,PVC,D1,3,70,143,"IS 732:2019 Table 23, method D1"
Cu,PVC,D2,3,70,162,"IS 732:2019 Table 23, method D2"
Cu,PVC,A1,3,95,164,"IS 732:2019 Table 23, method A1"
Cu,PVC,A2,3,95,150,"IS 732:2019 Table 23, method A2"
Cu,PVC,B1,3,95,207,"IS 732:2019 Table 23, method B1"
Cu,PVC,B2,3,95,179,"IS 732:2019 Table 23, method B2"
Cu,PVC,C,3,95,223,"IS 732:2019 Table 23, method C"
Cu,PVC,D1,3,95,169,"IS 732:2019 Table 23, method D1"
Cu,PVC,D2,3,95,193,"IS 732:2019 Table 23, method D2"
Cu,PVC,A1,3,120,188,"IS 732:2019 Table 23, method A1"
Cu,PVC,A2,3,120,172,"IS 732:2019 Table 23, method A2"
Cu,PVC,B1,3,120,239,"IS 732:2019 Table 23, method B1"
Cu,PVC,B2,3,120,206,"IS 732:2019 Table 23, method B2"
Cu,PVC,C,3,120,259,"IS 732:2019 Table 23, method C"
Cu,PVC,D1,3,120,192,"IS 732:2019 Table 23, method D1"
Cu,PVC,D2,3,120,220,"IS 732:2019 Table 23, method D2"
Cu,PVC,A1,3,150,216,"IS 732:2019 Table 23, method A1"
Cu,PVC,A2,3,150,196,"IS 732:2019 Table 23, method A2"
Cu,PVC,B1,3,150,262,"IS 732:2019 Table 23, method B1"
Cu,PVC,B2,3,150,225,"IS 732:2019 Table 23, method B2"
Cu,PVC,C,3,150,299,"IS 732:2019 Table 23, method C"
Cu,PVC,D1,3,150,217,"IS 732:2019 Table 23, method D1"
Cu,PVC,D2,3,150,246,"IS 732:2019 Table 23, method D2"
Cu,PVC,A1,3,185,245,"IS 732:2019 Table 23, method A1"
Cu,PVC,A2,3,185,223,"IS 732:2019 Table 23, method A2"
Cu,PVC,B1,3,185,296,"IS 732:2019 Table 23, method B1"
Cu,PVC,B2,3,185,255,"IS 732:2019 Table 23, method B2"
Cu,PVC,C,3,185,341,"IS 732:2019 Table 23, method C"
Cu,PVC,D1,3,185,243,"IS 732:2019 Table 23, method D1"
Cu,PVC,D2,3,185,278,"IS 732:2019 Table 23, method D2"
Cu,PVC,A1,3,240,286,"IS 732:2019 Table 23, method A1"
Cu,PVC,A2,3,240,261,"IS 732:2019 Table 23, method A2"
Cu,PVC,B1,3,240,346,"IS 732:2019 Table 23, method B1"
Cu,PVC,B2,3,240,297,"IS 732:2019 Table 23, method B2"
Cu,PVC,C,3,240,403,"IS 732:2019 Table 23, method C"
Cu,PVC,D1,3,240,280,"IS 732:2019 Table 23, method D1"
Cu,PVC,D2,3,240,320,"IS 732:2019 Table 23, method D2"
Cu,PVC,A1,3,300,328,"IS 732:2019 Table 23, method A1"
Cu,PVC,A2,3,300,298,"IS 732:2019 Table 23, method A2"
Cu,PVC,B1,3,300,394,"IS 732:2019 Table 23, method B1"
Cu,PVC,B2,3,300,339,"IS 732:2019 Table 23, method B2"
Cu,PVC,C,3,300,464,"IS 732:2019 Table 23, method C"
Cu,PVC,D1,3,300,316,"IS 732:2019 Table 23, method D1"
Cu,PVC,D2,3,300,359,"IS 732:2019 Table 23, method D2"
Al,PVC,A1,3,2.5,14,"IS 732:2019 Table 23, method A1"
Al,PVC,A2,3,2.5,13.5,"IS 732:2019 Table 23, method A2"
Al,PVC,B1,3,2.5,16.5,"IS 732:2019 Table 23, method B1"
Al,PVC,B2,3,2.5,15.5,"IS 732:2019 Table 23, method B2"
Al,PVC,C,3,2.5,18.5,"IS 732:2019 Table 23, method C"
Al,PVC,D1,3,2.5,18.5,"IS 732:2019 Table 23, method D1"
Al,PVC,A1,3,4,18.5,"IS 732:2019 Table 23, method A1"
Al,PVC,A2,3,4,17.5,"IS 732:2019 Table 23, method A2"
Al,PVC,B1,3,4,22,"IS 732:2019 Table 23, method B1"
Al,PVC,B2,3,4,21,"IS 732:2019 Table 23, method B2"
Al,PVC,C,3,4,25,"IS 732:2019 Table 23, method C"
Al,PVC,D1,3,4,24,"IS 732:2019 Table 23, method D1"
Al,PVC,A1,3,6,24,"IS 732:2019 Table 23, method A1"
Al,PVC,A2,3,6,23,"IS 732:2019 Table 23, method A2"
Al,PVC,B1,3,6,28,"IS 732:2019 Table 23, method B1"
Al,PVC,B2,3,6,27,"IS 732:2019 Table 23, method B2"
Al,PVC,C,3,6,32,"IS 732:2019 Table 23, method C"
Al,PVC,D1,3,6,30,"IS 732:2019 Table 23, method D1"
Al,PVC,A1,3,10,32,"IS 732:2019 Table 23, method A1"
Al,PVC,A2,3,10,31,"IS 732:2019 Table 23, method A2"
Al,PVC,B1,3,10,39,"IS 732:2019 Table 23, method B1"
Al,PVC,B2,3,10,36,"IS 732:2019 Table 23, method B2"
Al,PVC,C,3,10,44,"IS 732:2019 Table 23, method C"
Al,PVC,D1,3,10,39,"IS 732:2019 Table 23, method D1"
Al,PVC,A1,3,16,43,"IS 732:2019 Table 23, method A1"
Al,PVC,A2,3,16,41,"IS 732:2019 Table 23, method A2"
Al,PVC,B1,3,16,53,"IS 732:2019 Table 23, method B1"
Al,PVC,B2,3,16,48,"IS 732:2019 Table 23, method B2"
Al,PVC,C,3,16,59,"IS 732:2019 Table 23, method C"
Al,PVC,D1,3,16,50,"IS 732:2019 Table 23, method D1"
Al,PVC,D2,3,16,53,"IS 732:2019 Table 23, method D2"
Al,PVC,A1,3,25,57,"IS 732:2019 Table 23, method A1"
Al,PVC,A2,3,25,53,"IS 732:2019 Table 23, method A2"
Al,PVC,B1,3,25,70,"IS 732:2019 Table 23, method B1"
Al,PVC,B2,3,25,62,"IS 732:2019 Table 23, method B2"
Al,PVC,C,3,25,73,"IS 732:2019 Table 23, method C"
Al,PVC,D1,3,25,64,"IS 732:2019 Table 23, method D1"
Al,PVC,D2,3,25,69,"IS 732:2019 Table 23, method D2"
Al,PVC,A1,3,35,70,"IS 732:2019 Table 23, method A1"
Al,PVC,A2,3,35,65,"IS 732:2019 Table 23, method A2"
Al,PVC,B1,3,35,86,"IS 732:2019 Table 23, method B1"
Al,PVC,B2,3,35,77,"IS 732:2019 Table 23, method B2"
Al,PVC,C,3,35,90,"IS 732:2019 Table 23, method C"
Al,PVC,D1,3,35,77,"IS 732:2019 Table 23, method D1"
Al,PVC,D2,3,35,83,"IS 732:2019 Table 23, method D2"
Al,PVC,A1,3,50,84,"IS 732:2019 Table 23, method A1"
Al,PVC,A2,3,50,78,"IS 732:2019 Table 23, method A2"
Al,PVC,B1,3,50,104,"IS 732:2019 Table 23, method B1"
Al,PVC,B2,3,50,92,"IS 732:2019 Table 23, method B2"
Al,PVC,C,3,50,110,"IS 732:2019 Table 23, method C"
Al,PVC,D1,3,50,91,"IS 732:2019 Table 23, method D1"
Al,PVC,D2,3,50,99,"IS 732:2019 Table 23, method D2"
Al,PVC,A1,3,70,107,"IS 732:2019 Table 23, method A1"
Al,PVC,A2,3,70,98,"IS 732:2019 Table 23, method A2"
Al,PVC,B1,3,70,133,"IS 732:2019 Table 23, method B1"
Al,PVC,B2,3,70,116,"IS 732:2019 Table 23, method B2"
Al,PVC,C,3,70,140,"IS 732:2019 Table 23, method C"
Al,PVC,D1,3,70,112,"IS 732:2019 Table 23, method D1"
Al,PVC,D2,3,70,122,"IS 732:2019 Table 23, method D2"
Al,PVC,A1,3,95,129,"IS 732:2019 Table 23, method A1"
Al,PVC,A2,3,95,118,"IS 732:2019 Table 23, method A2"
Al,PVC,B1,3,95,161,"IS 732:2019 Table 23, method B1"
Al,PVC,B2,3,95,139,"IS 732:2019 Table 23, method B2"
Al,PVC,C,3,95,170,"IS 732:2019 Table 23, method C"
Al,PVC,D1,3,95,132,"IS 732:2019 Table 23, method D1"
Al,PVC,D2,3,95,148,"IS 732:2019 Table 23, method D2"
Al,PVC,A1,3,120,149,"IS 732:2019 Table 23, method A1"
Al,PVC,A2,3,120,135,"IS 732:2019 Table 23, method A2"
Al,PVC,B1,3,120,186,"IS 732:2019 Table 23, method B1"
Al,PVC,B2,3,120,160,"IS 732:2019 Table 23, method B2"
Al,PVC,C,3,120,197,"IS 732:2019 Table 23, method C"
Al,PVC,D1,3,120,150,"IS 732:2019 Table 23, method D1"
Al,PVC,D2,3,120,169,"IS 732:2019 Table 23, method D2"
Al,PVC,A1,3,150,170,"IS 732:2019 Table 23, method A1"
Al,PVC,A2,3,150,155,"IS 732:2019 Table 23, method A2"
Al,PVC,B1,3,150,204,"IS 732:2019 Table 23, method B1"
Al,PVC,B2,3,150,176,"IS 732:2019 Table 23, method B2"
Al,PVC,C,3,150,227,"IS 732:2019 Table 23, method C"
Al,PVC,D1,3,150,169,"IS 732:2019 Table 23, method D1"
Al,PVC,D2,3,150,189,"IS 732:2019 Table 23, method D2"
Al,PVC,A1,3,185,194,"IS 732:2019 Table 23, method A1"
Al,PVC,A2,3,185,176,"IS 732:2019 Table 23, method A2"
Al,PVC,B1,3,185,230,"IS 732:2019 Table 23, method B1"
Al,PVC,B2,3,185,199,"IS 732:2019 Table 23, method B2"
Al,PVC,C,3,185,259,"IS 732:2019 Table 23, method C"
Al,PVC,D1,3,185,190,"IS 732:2019 Table 23, method D1"
Al,PVC,D2,3,185,214,"IS 732:2019 Table 23, method D2"
Al,PVC,A1,3,240,227,"IS 732:2019 Table 23, method A1"
Al,PVC,A2,3,240,207,"IS 732:2019 Table 23, method A2"
Al,PVC,B1,3,240,269,"IS 732:2019 Table 23, method B1"
Al,PVC,B2,3,240,232,"IS 732:2019 Table 23, method B2"
Al,PVC,C,3,240,305,"IS 732:2019 Table 23, method C"
Al,PVC,D1,3,240,218,"IS 732:2019 Table 23, method D1"
Al,PVC,D2,3,240,250,"IS 732:2019 Table 23, method D2"
Al,PVC,A1,3,300,261,"IS 732:2019 Table 23, method A1"
Al,PVC,A2,3,300,237,"IS 732:2019 Table 23, method A2"
Al,PVC,B1,3,300,306,"IS 732:2019 Table 23, method B1"
Al,PVC,B2,3,300,265,"IS 732:2019 Table 23, method B2"
Al,PVC,C,3,300,351,"IS 732:2019 Table 23, method C"
Al,PVC,D1,3,300,247,"IS 732:2019 Table 23, method D1"
Al,PVC,D2,3,300,282,"IS 732:2019 Table 23, method D2"
Cu,XLPE,A1,3,1.5,17,"IS 732:2019 Table 24, method A1"
Cu,XLPE,A2,3,1.5,16.5,"IS 732:2019 Table 24, method A2"
Cu,XLPE,B1,3,1.5,20,"IS 732:2019 Table 24, method B1"
Cu,XLPE,B2,3,1.5,19.5,"IS 732:2019 Table 24, method B2"
Cu,XLPE,C,3,1.5,22,"IS 732:2019 Table 24, method C"
Cu,XLPE,D1,3,1.5,21,"IS 732:2019 Table 24, method D1"
Cu,XLPE,D2,3,1.5,23,"IS 732:2019 Table 24, method D2"
Cu,XLPE,A1,3,2.5,23,"IS 732:2019 Table 24, method A1"
Cu,XLPE,A2,3,2.5,22,"IS 732:2019 Table 24, method A2"
Cu,XLPE,B1,3,2.5,28,"IS 732:2019 Table 24, method B1"
Cu,XLPE,B2,3,2.5,26,"IS 732:2019 Table 24, method B2"
Cu,XLPE,C,3,2.5,30,"IS 732:2019 Table 24, method C"
Cu,XLPE,D1,3,2.5,28,"IS 732:2019 Table 24, method D1"
Cu,XLPE,D2,3,2.5,30,"IS 732:2019 Table 24, method D2"
Cu,XLPE,A1,3,4,31,"IS 732:2019 Table 24, method A1"
Cu,XLPE,A2,3,4,30,"IS 732:2019 Table 24, method A2"
Cu,XLPE,B1,3,4,37,"IS 732:2019 Table 24, method B1"
Cu,XLPE,B2,3,4,35,"IS 732:2019 Table 24, method B2"
Cu,XLPE,C,3,4,40,"IS 732:2019 Table 24, method C"
Cu,XLPE,D1,3,4,36,"IS 732:2019 Table 24, method D1"
Cu,XLPE,D2,3,4,39,"IS 732:2019 Table 24, method D2"
Cu,XLPE,A1,3,6,40,"IS 732:2019 Table 24, method A1"
Cu,XLPE,A2,3,6,38,"IS 732:2019 Table 24, method A2"
Cu,XLPE,B1,3,6,48,"IS 732:2019 Table 24, method B1"
Cu,XLPE,B2,3,6,44,"IS 732:2019 Table 24, method B2"
Cu,XLPE,C,3,6,52,"IS 732:2019 Table 24, method C"
Cu,XLPE,D1,3,6,44,"IS 732:2019 Table 24, method D1"
Cu,XLPE,D2,3,6,49,"IS 732:2019 Table 24, method D2"
Cu,XLPE,A1,3,10,54,"IS 732:2019 Table 24, method A1"
Cu,XLPE,A2,3,10,51,"IS 732:2019 Table 24, method A2"
Cu,XLPE,B1,3,10,66,"IS 732:2019 Table 24, method B1"
Cu,XLPE,B2,3,10,60,"IS 732:2019 Table 24, method B2"
Cu,XLPE,C,3,10,71,"IS 732:2019 Table 24, method C"
Cu,XLPE,D1,3,10,58,"IS 732:2019 Table 24, method D1"
Cu,XLPE,D2,3,10,65,"IS 732:2019 Table 24, method D2"
Cu,XLPE,A1,3,16,73,"IS 732:2019 Table 24, method A1"
Cu,XLPE,A2,3,16,68,"IS 732:2019 Table 24, method A2"
Cu,XLPE,B1,3,16,88,"IS 732:2019 Table 24, method B1"
Cu,XLPE,B2,3,16,80,"IS 732:2019 Table 24, method B2"
Cu,XLPE,C,3,16,96,"IS 732:2019 Table 24, method C"
Cu,XLPE,D1,3,16,75,"IS 732:2019 Table 24, method D1"
Cu,XLPE,D2,3,16,84,"IS 732:2019 Table 24, method D2"
Cu,XLPE,A1,3,25,95,"IS 732:2019 Table 24, method A1"
Cu,XLPE,A2,3,25,89,"IS 732:2019 Table 24, method A2"
Cu,XLPE,B1,3,25,117,"IS 732:2019 Table 24, method B1"
Cu,XLPE,B2,3,25,105,"IS 732:2019 Table 24, method B2"
Cu,XLPE,C,3,25,119,"IS 732:2019 Table 24, method C"
Cu,XLPE,D1,3,25,96,"IS 732:2019 Table 24, method D1"
Cu,XLPE,D2,3,25,107,"IS 732:2019 Table 24, method D2"
Cu,XLPE,A1,3,35,117,"IS 732:2019 Table 24, method A1"
Cu,XLPE,A2,3,35,109,"IS 732:2019 Table 24, method A2"
Cu,XLPE,B1,3,35,144,"IS 732:2019 Table 24, method B1"
Cu,XLPE,B2,3,35,128,"IS 732:2019 Table 24, method B2"
Cu,XLPE,C,3,35,147,"IS 732:2019 Table 24, method C"
Cu,XLPE,D1,3,35,115,"IS 732:2019 Table 24, method D1"
Cu,XLPE,D2,3,35,129,"IS 732:2019 Table 24, method D2"
Cu,XLPE,A1,3,50,141,"IS 732:2019 Table 24, method A1"
Cu,XLPE,A2,3,50,130,"IS 732:2019 Table 24, method A2"
Cu,XLPE,B1,3,50,175,"IS 732:2019 Table 24, method B1"
Cu,XLPE,B2,3,50,154,"IS 732:2019 Table 24, method B2"
Cu,XLPE,C,3,50,179,"IS 732:2019 Table 24, method C"
Cu,XLPE,D1,3,50,135,"IS 732:2019 Table 24, method D1"
Cu,XLPE,D2,3,50,153,"IS 732:2019 Table 24, method D2"
Cu,XLPE,A1,3,70,179,"IS 732:2019 Table 24, method A1"
Cu,XLPE,A2,3,70,164,"IS 732:2019 Table 24, method A2"
Cu,XLPE,B1,3,70,222,"IS 732:2019 Table 24, method B1"
Cu,XLPE,B2,3,70,194,"IS 732:2019 Table 24, method B2"
Cu,XLPE,C,3,70,229,"IS 732:2019 Table 24, method C"
Cu,XLPE,D1,3,70,167,"IS 732:2019 Table 24, method D1"
Cu,XLPE,D2,3,70,188,"IS 732:2019 Table 24, method D2"
Cu,XLPE,A1,3,95,216,"IS 732:2019 Table 24, method A1"
Cu,XLPE,A2,3,95,197,"IS 732:2019 Table 24, method A2"
Cu,XLPE,B1,3,95,269,"IS 732:2019 Table 24, method B1"
Cu,XLPE,B2,3,95,233,"IS 732:2019 Table 24, method B2"
Cu,XLPE,C,3,95,278,"IS 732:2019 Table 24, method C"
Cu,XLPE,D1,3,95,197,"IS 732:2019 Table 24, method D1"
Cu,XLPE,D2,3,95,226,"IS 732:2019 Table 24, method D2"
Cu,XLPE,A1,3,120,249,"IS 732:2019 Table 24, method A1"
Cu,XLPE,A2,3,120,227,"IS 732:2019 Table 24, method A2"
Cu,XLPE,B1,3,120,312,"IS 732:2019 Table 24, method B1"
Cu,XLPE,B2,3,120,268,"IS 732:2019 Table 24, method B2"
Cu,XLPE,C,3,120,322,"IS 732:2019 Table 24, method C"
Cu,XLPE,D1,3,120,223,"IS 732:2019 Table 24, method D1"
Cu,XLPE,D2,3,120,257,"IS 732:2019 Table 24, method D2"
Cu,XLPE,A1,3,150,285,"IS 732:2019 Table 24, method A1"
Cu,XLPE,A2,3,150,259,"IS 732:2019 Table 24, method A2"
Cu,XLPE,B1,3,150,342,"IS 732:2019 Table 24, method B1"
Cu,XLPE,B2,3,150,300,"IS 732:2019 Table 24, method B2"
Cu,XLPE,C,3,150,371,"IS 732:2019 Table 24, method C"
Cu,XLPE,D1,3,150,251,"IS 732:2019 Table 24, method D1"
Cu,XLPE,D2,3,150,287,"IS 732:2019 Table 24, method D2"
Cu,XLPE,A1,3,185,324,"IS 732:2019 Table 24, method A1"
Cu,XLPE,A2,3,185,295,"IS 732:2019 Table 24, method A2"
Cu,XLPE,B1,3,185,384,"IS 732:2019 Table 24, method B1"
Cu,XLPE,B2,3,185,340,"IS 732:2019 Table 24, method B2"
Cu,XLPE,C,3,185,424,"IS 732:2019 Table 24, method C"
Cu,XLPE,D1,3,185,281,"IS 732:2019 Table 24, method D1"
Cu,XLPE,D2,3,185,324,"IS 732:2019 Table 24, method D2"
Cu,XLPE,A1,3,240,380,"IS 732:2019 Table 24, method A1"
Cu,XLPE,A2,3,240,346,"IS 732:2019 Table 24, method A2"
Cu,XLPE,B1,3,240,450,"IS 732:2019 Table 24, method B1"
Cu,XLPE,B2,3,240,398,"IS 732:2019 Table 24, method B2"
Cu,XLPE,C,3,240,500,"IS 732:2019 Table 24, method C"
Cu,XLPE,D1,3,240,324,"IS 732:2019 Table 24, method D1"
Cu,XLPE,D2,3,240,375,"IS 732:2019 Table 24, method D2"
Cu,XLPE,A1,3,300,435,"IS 732:2019 Table 24, method A1"
Cu,XLPE,A2,3,300,396,"IS 732:2019 Table 24, method A2"
Cu,XLPE,B1,3,300,514,"IS 732:2019 Table 24, method B1"
Cu,XLPE,B2,3,300,455,"IS 732:2019 Table 24, method B2"
Cu,XLPE,C,3,300,576,"IS 732:2019 Table 24, method C"
Cu,XLPE,D1,3,300,365,"IS 732:2019 Table 24, method D1"
Cu,XLPE,D2,3,300,419,"IS 732:2019 Table 24, method D2"
Al,XLPE,A1,3,2.5,19,"IS 732:2019 Table 24, method A1"
Al,XLPE,A2,3,2.5,18,"IS 732:2019 Table 24, method A2"
Al,XLPE,B1,3,2.5,22,"IS 732:2019 Table 24, method B1"
Al,XLPE,B2,3,2.5,21,"IS 732:2019 Table 24, method B2"
Al,XLPE,C,3,2.5,24,"IS 732:2019 Table 24, method C"
Al,XLPE,D1,3,2.5,22,"IS 732:2019 Table 24, method D1"
Al,XLPE,A1,3,4,25,"IS 732:2019 Table 24, method A1"
Al,XLPE,A2,3,4,24,"IS 732:2019 Table 24, method A2"
Al,XLPE,B1,3,4,29,"IS 732:2019 Table 24, method B1"
Al,XLPE,B2,3,4,28,"IS 732:2019 Table 24, method B2"
Al,XLPE,C,3,4,32,"IS 732:2019 Table 24, method C"
Al,XLPE,D1,3,4,28,"IS 732:2019 Table 24, method D1"
Al,XLPE,A1,3,6,32,"IS 732:2019 Table 24, method A1"
Al,XLPE,A2,3,6,31,"IS 732:2019 Table 24, method A2"
Al,XLPE,B1,3,6,38,"IS 732:2019 Table 24, method B1"
Al,XLPE,B2,3,6,35,"IS 732:2019 Table 24, method B2"
Al,XLPE,C,3,6,41,"IS 732:2019 Table 24, method C"
Al,XLPE,D1,3,6,35,"IS 732:2019 Table 24, method D1"
Al,XLPE,A1,3,10,44,"IS 732:2019 Table 24, method A1"
Al,XLPE,A2,3,10,41,"IS 732:2019 Table 24, method A2"
Al,XLPE,B1,3,10,52,"IS 732:2019 Table 24, method B1"
Al,XLPE,B2,3,10,48,"IS 732:2019 Table 24, method B2"
Al,XLPE,C,3,10,57,"IS 732:2019 Table 24, method C"
Al,XLPE,D1,3,10,46,"IS 732:2019 Table 24, method D1"
Al,XLPE,A1,3,16,58,"IS 732:2019 Table 24, method A1"
Al,XLPE,A2,3,16,55,"IS 732:2019 Table 24, method A2"
Al,XLPE,B1,3,16,71,"IS 732:2019 Table 24, method B1"
Al,XLPE,B2,3,16,64,"IS 732:2019 Table 24, method B2"
Al,XLPE,C,3,16,76,"IS 732:2019 Table 24, method C"
Al,XLPE,D1,3,16,59,"IS 732:2019 Table 24, method D1"
Al,XLPE,D2,3,16,64,"IS 732:2019 Table 24, method D2"
Al,XLPE,A1,3,25,76,"IS 732:2019 Table 24, method A1"
Al,XLPE,A2,3,25,71,"IS 732:2019 Table 24, method A2"
Al,XLPE,B1,3,25,93,"IS 732:2019 Table 24, method B1"
Al,XLPE,B2,3,25,84,"IS 732:2019 Table 24, method B2"
Al,XLPE,C,3,25,90,"IS 732:2019 Table 24, method C"
Al,XLPE,D1,3,25,75,"IS 732:2019 Table 24, method D1"
Al,XLPE,D2,3,25,82,"IS 732:2019 Table 24, method D2"
Al,XLPE,A1,3,35,94,"IS 732:2019 Table 24, method A1"
Al,XLPE,A2,3,35,87,"IS 732:2019 Table 24, method A2"
Al,XLPE,B1,3,35,116,"IS 732:2019 Table 24, method B1"
Al,XLPE,B2,3,35,103,"IS 732:2019 Table 24, method B2"
Al,XLPE,C,3,35,112,"IS 732:2019 Table 24, method C"
Al,XLPE,D1,3,35,90,"IS 732:2019 Table 24, method D1"
Al,XLPE,D2,3,35,98,"IS 732:2019 Table 24, method D2"
Al,XLPE,A1,3,50,113,"IS 732:2019 Table 24, method A1"
Al,XLPE,A2,3,50,104,"IS 732:2019 Table 24, method A2"
Al,XLPE,B1,3,50,140,"IS 732:2019 Table 24, method B1"
Al,XLPE,B2,3,50,124,"IS 732:2019 Table 24, method B2"
Al,XLPE,C,3,50,136,"IS 732:2019 Table 24, method C"
Al,XLPE,D1,3,50,106,"IS 732:2019 Table 24, method D1"
Al,XLPE,D2,3,50,117,"IS 732:2019 Table 24, method D2"
Al,XLPE,A1,3,70,142,"IS 732:2019 Table 24, method A1"
Al,XLPE,A2,3,70,131,"IS 732:2019 Table 24, method A2"
Al,XLPE,B1,3,70,179,"IS 732:2019 Table 24, method B1"
Al,XLPE,B2,3,70,156,"IS 732:2019 Table 24, method B2"
Al,XLPE,C,3,70,174,"IS 732:2019 Table 24, method C"
Al,XLPE,D1,3,70,130,"IS 732:2019 Table 24, method D1"
Al,XLPE,D2,3,70,144,"IS 732:2019 Table 24, method D2"
Al,XLPE,A1,3,95,171,"IS 732:2019 Table 24, method A1"
Al,XLPE,A2,3,95,157,"IS 732:2019 Table 24, method A2"
Al,XLPE,B1,3,95,217,"IS 732:2019 Table 24, method B1"
Al,XLPE,B2,3,95,188,"IS 732:2019 Table 24, method B2"
Al,XLPE,C,3,95,211,"IS 732:2019 Table 24, method C"
Al,XLPE,D1,3,95,154,"IS 732:2019 Table 24, method D1"
Al,XLPE,D2,3,95,172,"IS 732:2019 Table 24, method D2"
Al,XLPE,A1,3,120,197,"IS 732:2019 Table 24, method A1"
Al,XLPE,A2,3,120,180,"IS 732:2019 Table 24, method A2"
Al,XLPE,B1,3,120,251,"IS 732:2019 Table 24, method B1"
Al,XLPE,B2,3,120,216,"IS 732:2019 Table 24, method B2"
Al,XLPE,C,3,120,245,"IS 732:2019 Table 24, method C"
Al,XLPE,D1,3,120,174,"IS 732:2019 Table 24, method D1"
Al,XLPE,D2,3,120,197,"IS 732:2019 Table 24, method D2"
Al,XLPE,A1,3,150,226,"IS 732:2019 Table 24, method A1"
Al,XLPE,A2,3,150,206,"IS 732:2019 Table 24, method A2"
Al,XLPE,B1,3,150,267,"IS 732:2019 Table 24, method B1"
Al,XLPE,B2,3,150,240,"IS 732:2019 Table 24, method B2"
Al,XLPE,C,3,150,283,"IS 732:2019 Table 24, method C"
Al,XLPE,D1,3,150,197,"IS 732:2019 Table 24, method D1"
Al,XLPE,D2,3,150,220,"IS 732:2019 Table 24, method D2"
Al,XLPE,A1,3,185,256,"IS 732:2019 Table 24, method A1"
Al,XLPE,A2,3,185,233,"IS 732:2019 Table 24, method A2"
Al,XLPE,B1,3,185,300,"IS 732:2019 Table 24, method B1"
Al,XLPE,B2,3,185,272,"IS 732:2019 Table 24, method B2"
Al,XLPE,C,3,185,323,"IS 732:2019 Table 24, method C"
Al,XLPE,D1,3,185,220,"IS 732:2019 Table 24, method D1"
Al,XLPE,D2,3,185,250,"IS 732:2019 Table 24, method D2"
Al,XLPE,A1,3,240,300,"IS 732:2019 Table 24, method A1"
Al,XLPE,A2,3,240,273,"IS 732:2019 Table 24, method A2"
Al,XLPE,B1,3,240,351,"IS 732:2019 Table 24, method B1"
Al,XLPE,B2,3,240,318,"IS 732:2019 Table 24, method B2"
Al,XLPE,C,3,240,382,"IS 732:2019 Table 24, method C"
Al,XLPE,D1,3,240,253,"IS 732:2019 Table 24, method D1"
Al,XLPE,D2,3,240,290,"IS 732:2019 Table 24, method D2"
Al,XLPE,A1,3,300,344,"IS 732:2019 Table 24, method A1"
Al,XLPE,A2,3,300,313,"IS 732:2019 Table 24, method A2"
Al,XLPE,B1,3,300,402,"IS 732:2019 Table 24, method B1"
Al,XLPE,B2,3,300,364,"IS 732:2019 Table 24, method B2"
Al,XLPE,C,3,300,440,"IS 732:2019 Table 24, method C"
Al,XLPE,D1,3,300,286,"IS 732:2019 Table 24, method D1"
Al,XLPE,D2,3,300,326,"IS 732:2019 Table 24, method D2"
Cu,PVC,E,2,1.5,22,"IS 732:2019 Table 29, method E, multi-core, 2 loaded conductors"
Cu,PVC,E,3,1.5,18.5,"IS 732:2019 Table 29, method E, multi-core, 3 loaded conductors"
Cu,PVC,E,2,2.5,30,"IS 732:2019 Table 29, method E, multi-core, 2 loaded conductors"
Cu,PVC,E,3,2.5,25,"IS 732:2019 Table 29, method E, multi-core, 3 loaded conductors"
Cu,PVC,E,2,4,40,"IS 732:2019 Table 29, method E, multi-core, 2 loaded conductors"
Cu,PVC,E,3,4,34,"IS 732:2019 Table 29, method E, multi-core, 3 loaded conductors"
Cu,PVC,E,2,6,51,"IS 732:2019 Table 29, method E, multi-core, 2 loaded conductors"
Cu,PVC,E,3,6,43,"IS 732:2019 Table 29, method E, multi-core, 3 loaded conductors"
Cu,PVC,E,2,10,70,"IS 732:2019 Table 29, method E, multi-core, 2 loaded conductors"
Cu,PVC,E,3,10,60,"IS 732:2019 Table 29, method E, multi-core, 3 loaded conductors"
Cu,PVC,E,2,16,94,"IS 732:2019 Table 29, method E, multi-core, 2 loaded conductors"
Cu,PVC,E,3,16,80,"IS 732:2019 Table 29, method E, multi-core, 3 loaded conductors"
Cu,PVC,E,2,25,119,"IS 732:2019 Table 29, method E, multi-core, 2 loaded conductors"
Cu,PVC,E,3,25,101,"IS 732:2019 Table 29, method E, multi-core, 3 loaded conductors"
Cu,PVC,E,2,35,148,"IS 732:2019 Table 29, method E, multi-core, 2 loaded conductors"
Cu,PVC,E,3,35,126,"IS 732:2019 Table 29, method E, multi-core, 3 loaded conductors"
Cu,PVC,E,2,50,180,"IS 732:2019 Table 29, method E, multi-core, 2 loaded conductors"
Cu,PVC,E,3,50,153,"IS 732:2019 Table 29, method E, multi-core, 3 loaded conductors"
Cu,PVC,E,2,70,232,"IS 732:2019 Table 29, method E, multi-core, 2 loaded conductors"
Cu,PVC,E,3,70,196,"IS 732:2019 Table 29, method E, multi-core, 3 loaded conductors"
Cu,PVC,E,2,95,282,"IS 732:2019 Table 29, method E, multi-core, 2 loaded conductors"
Cu,PVC,E,3,95,238,"IS 732:2019 Table 29, method E, multi-core, 3 loaded conductors"
Cu,PVC,E,2,120,328,"IS 732:2019 Table 29, method E, multi-core, 2 loaded conductors"
Cu,PVC,E,3,120,276,"IS 732:2019 Table 29, method E, multi-core, 3 loaded conductors"
Cu,PVC,E,2,150,379,"IS 732:2019 Table 29, method E, multi-core, 2 loaded conductors"
Cu,PVC,E,3,150,319,"IS 732:2019 Table 29, method E, multi-core, 3 loaded conductors"
Cu,PVC,E,2,185,434,"IS 732:2019 Table 29, method E, multi-core, 2 loaded conductors"
Cu,PVC,E,3,185,364,"IS 732:2019 Table 29, method E, multi-core, 3 loaded conductors"
Cu,PVC,E,2,240,514,"IS 732:2019 Table 29, method E, multi-core, 2 loaded conductors"
Cu,PVC,E,3,240,430,"IS 732:2019 Table 29, method E, multi-core, 3 loaded conductors"
Cu,PVC,E,2,300,593,"IS 732:2019 Table 29, method E, multi-core, 2 loaded conductors"
Cu,PVC,E,3,300,497,"IS 732:2019 Table 29, method E, multi-core, 3 loaded conductors"
Al,PVC,E,2,2.5,23,"IS 732:2019 Table 30, method E, multi-core, 2 loaded conductors"
Al,PVC,E,3,2.5,19.5,"IS 732:2019 Table 30, method E, multi-core, 3 loaded conductors"
Al,PVC,E,2,4,31,"IS 732:2019 Table 30, method E, multi-core, 2 loaded conductors"
Al,PVC,E,3,4,26,"IS 732:2019 Table 30, method E, multi-core, 3 loaded conductors"
Al,PVC,E,2,6,39,"IS 732:2019 Table 30, method E, multi-core, 2 loaded conductors"
Al,PVC,E,3,6,33,"IS 732:2019 Table 30, method E, multi-core, 3 loaded conductors"
Al,PVC,E,2,10,54,"IS 732:2019 Table 30, method E, multi-core, 2 loaded conductors"
Al,PVC,E,3,10,46,"IS 732:2019 Table 30, method E, multi-core, 3 loaded conductors"
Al,PVC,E,2,16,73,"IS 732:2019 Table 30, method E, multi-core, 2 loaded conductors"
Al,PVC,E,3,16,61,"IS 732:2019 Table 30, method E, multi-core, 3 loaded conductors"
Al,PVC,E,2,25,89,"IS 732:2019 Table 30, method E, multi-core, 2 loaded conductors"
Al,PVC,E,3,25,78,"IS 732:2019 Table 30, method E, multi-core, 3 loaded conductors"
Al,PVC,E,2,35,111,"IS 732:2019 Table 30, method E, multi-core, 2 loaded conductors"
Al,PVC,E,3,35,96,"IS 732:2019 Table 30, method E, multi-core, 3 loaded conductors"
Al,PVC,E,2,50,135,"IS 732:2019 Table 30, method E, multi-core, 2 loaded conductors"
Al,PVC,E,3,50,117,"IS 732:2019 Table 30, method E, multi-core, 3 loaded conductors"
Al,PVC,E,2,70,173,"IS 732:2019 Table 30, method E, multi-core, 2 loaded conductors"
Al,PVC,E,3,70,150,"IS 732:2019 Table 30, method E, multi-core, 3 loaded conductors"
Al,PVC,E,2,95,210,"IS 732:2019 Table 30, method E, multi-core, 2 loaded conductors"
Al,PVC,E,3,95,183,"IS 732:2019 Table 30, method E, multi-core, 3 loaded conductors"
Al,PVC,E,2,120,244,"IS 732:2019 Table 30, method E, multi-core, 2 loaded conductors"
Al,PVC,E,3,120,212,"IS 732:2019 Table 30, method E, multi-core, 3 loaded conductors"
Al,PVC,E,2,150,282,"IS 732:2019 Table 30, method E, multi-core, 2 loaded conductors"
Al,PVC,E,3,150,245,"IS 732:2019 Table 30, method E, multi-core, 3 loaded conductors"
Al,PVC,E,2,185,322,"IS 732:2019 Table 30, method E, multi-core, 2 loaded conductors"
Al,PVC,E,3,185,280,"IS 732:2019 Table 30, method E, multi-core, 3 loaded conductors"
Al,PVC,E,2,240,380,"IS 732:2019 Table 30, method E, multi-core, 2 loaded conductors"
Al,PVC,E,3,240,330,"IS 732:2019 Table 30, method E, multi-core, 3 loaded conductors"
Al,PVC,E,2,300,439,"IS 732:2019 Table 30, method E, multi-core, 2 loaded conductors"
Al,PVC,E,3,300,381,"IS 732:2019 Table 30, method E, multi-core, 3 loaded conductors"
Cu,XLPE,E,2,1.5,26,"IS 732:2019 Table 31, method E, multi-core, 2 loaded conductors"
Cu,XLPE,E,3,1.5,23,"IS 732:2019 Table 31, method E, multi-core, 3 loaded conductors"
Cu,XLPE,E,2,2.5,36,"IS 732:2019 Table 31, method E, multi-core, 2 loaded conductors"
Cu,XLPE,E,3,2.5,32,"IS 732:2019 Table 31, method E, multi-core, 3 loaded conductors"
Cu,XLPE,E,2,4,49,"IS 732:2019 Table 31, method E, multi-core, 2 loaded conductors"
Cu,XLPE,E,3,4,42,"IS 732:2019 Table 31, method E, multi-core, 3 loaded conductors"
Cu,XLPE,E,2,6,63,"IS 732:2019 Table 31, method E, multi-core, 2 loaded conductors"
Cu,XLPE,E,3,6,54,"IS 732:2019 Table 31, method E, multi-core, 3 loaded conductors"
Cu,XLPE,E,2,10,86,"IS 732:2019 Table 31, method E, multi-core, 2 loaded conductors"
Cu,XLPE,E,3,10,75,"IS 732:2019 Table 31, method E, multi-core, 3 loaded conductors"
Cu,XLPE,E,2,16,115,"IS 732:2019 Table 31, method E, multi-core, 2 loaded conductors"
Cu,XLPE,E,3,16,100,"IS 732:2019 Table 31, method E, multi-core, 3 loaded conductors"
Cu,XLPE,E,2,25,149,"IS 732:2019 Table 31, method E, multi-core, 2 loaded conductors"
Cu,XLPE,E,3,25,127,"IS 732:2019 Table 31, method E, multi-core, 3 loaded conductors"
Cu,XLPE,E,2,35,185,"IS 732:2019 Table 31, method E, multi-core, 2 loaded conductors"
Cu,XLPE,E,3,35,158,"IS 732:2019 Table 31, method E, multi-core, 3 loaded conductors"
Cu,XLPE,E,2,50,225,"IS 732:2019 Table 31, method E, multi-core, 2 loaded conductors"
Cu,XLPE,E,3,50,192,"IS 732:2019 Table 31, method E, multi-core, 3 loaded conductors"
Cu,XLPE,E,2,70,289,"IS 732:2019 Table 31, method E, multi-core, 2 loaded conductors"
Cu,XLPE,E,3,70,246,"IS 732:2019 Table 31, method E, multi-core, 3 loaded conductors"
Cu,XLPE,E,2,95,352,"IS 732:2019 Table 31, method E, multi-core, 2 loaded conductors"
Cu,XLPE,E,3,95,298,"IS 732:2019 Table 31, method E, multi-core, 3 loaded conductors"
Cu,XLPE,E,2,120,410,"IS 732:2019 Table 31, method E, multi-core, 2 loaded conductors"
Cu,XLPE,E,3,120,346,"IS 732:2019 Table 31, method E, multi-core, 3 loaded conductors"
Cu,XLPE,E,2,150,473,"IS 732:2019 Table 31, method E, multi-core, 2 loaded conductors"
Cu,XLPE,E,3,150,399,"IS 732:2019 Table 31, method E, multi-core, 3 loaded conductors"
Cu,XLPE,E,2,185,542,"IS 732:2019 Table 31, method E, multi-core, 2 loaded conductors"
Cu,XLPE,E,3,185,456,"IS 732:2019 Table 31, method E, multi-core, 3 loaded conductors"
Cu,XLPE,E,2,240,641,"IS 732:2019 Table 31, method E, multi-core, 2 loaded conductors"
Cu,XLPE,E,3,240,538,"IS 732:2019 Table 31, method E, multi-core, 3 loaded conductors"
Cu,XLPE,E,2,300,741,"IS 732:2019 Table 31, method E, multi-core, 2 loaded conductors"
Cu,XLPE,E,3,300,621,"IS 732:2019 Table 31, method E, multi-core, 3 loaded conductors"
Al,XLPE,E,2,2.5,28,"IS 732:2019 Table 32, method E, multi-core, 2 loaded conductors"
Al,XLPE,E,3,2.5,24,"IS 732:2019 Table 32, method E, multi-core, 3 loaded conductors"
Al,XLPE,E,2,4,38,"IS 732:2019 Table 32, method E, multi-core, 2 loaded conductors"
Al,XLPE,E,3,4,32,"IS 732:2019 Table 32, method E, multi-core, 3 loaded conductors"
Al,XLPE,E,2,6,49,"IS 732:2019 Table 32, method E, multi-core, 2 loaded conductors"
Al,XLPE,E,3,6,42,"IS 732:2019 Table 32, method E, multi-core, 3 loaded conductors"
Al,XLPE,E,2,10,67,"IS 732:2019 Table 32, method E, multi-core, 2 loaded conductors"
Al,XLPE,E,3,10,58,"IS 732:2019 Table 32, method E, multi-core, 3 loaded conductors"
Al,XLPE,E,2,16,91,"IS 732:2019 Table 32, method E, multi-core, 2 loaded conductors"
Al,XLPE,E,3,16,77,"IS 732:2019 Table 32, method E, multi-core, 3 loaded conductors"
Al,XLPE,E,2,25,108,"IS 732:2019 Table 32, method E, multi-core, 2 loaded conductors"
Al,XLPE,E,3,25,97,"IS 732:2019 Table 32, method E, multi-core, 3 loaded conductors"
Al,XLPE,E,2,35,135,"IS 732:2019 Table 32, method E, multi-core, 2 loaded conductors"
Al,XLPE,E,3,35,120,"IS 732:2019 Table 32, method E, multi-core, 3 loaded conductors"
Al,XLPE,E,2,50,164,"IS 732:2019 Table 32, method E, multi-core, 2 loaded conductors"
Al,XLPE,E,3,50,146,"IS 732:2019 Table 32, method E, multi-core, 3 loaded conductors"
Al,XLPE,E,2,70,211,"IS 732:2019 Table 32, method E, multi-core, 2 loaded conductors"
Al,XLPE,E,3,70,187,"IS 732:2019 Table 32, method E, multi-core, 3 loaded conductors"
Al,XLPE,E,2,95,257,"IS 732:2019 Table 32, method E, multi-core, 2 loaded conductors"
Al,XLPE,E,3,95,227,"IS 732:2019 Table 32, method E, multi-core, 3 loaded conductors"
Al,XLPE,E,2,120,300,"IS 732:2019 Table 32, method E, multi-core, 2 loaded conductors"
Al,XLPE,E,3,120,263,"IS 732:2019 Table 32, method E, multi-core, 3 loaded conductors"
Al,XLPE,E,2,150,346,"IS 732:2019 Table 32, method E, multi-core, 2 loaded conductors"
Al,XLPE,E,3,150,304,"IS 732:2019 Table 32, method E, multi-core, 3 loaded conductors"
Al,XLPE,E,2,185,397,"IS 732:2019 Table 32, method E, multi-core, 2 loaded conductors"
Al,XLPE,E,3,185,347,"IS 732:2019 Table 32, method E, multi-core, 3 loaded conductors"
Al,XLPE,E,2,240,470,"IS 732:2019 Table 32, method E, multi-core, 2 loaded conductors"
Al,XLPE,E,3,240,409,"IS 732:2019 Table 32, method E, multi-core, 3 loaded conductors"
Al,XLPE,E,2,300,543,"IS 732:2019 Table 32, method E, multi-core, 2 loaded conductors"
Al,XLPE,E,3,300,471,"IS 732:2019 Table 32, method E, multi-core, 3 loaded conductors"
